{
    "entityName": "Image",
    "items": [
        {
            "id": 1,
            "preprocessing": true,
            "type": "fundus",
            "metadata": {"filename": "20051020_57566_0100_PP.png", "preprocessingFilename": "20051020_57566_0100_PP.png"}
        },
        {
            "id": 2,
            "preprocessing": true,
            "type": "fundus",
            "metadata": {"filename": "20051020_64007_0100_PP.png", "preprocessingFilename": "20051020_64007_0100_PP.png"}
        },
        {
            "id": 3,
            "preprocessing": true,
            "type": "fundus",
            "metadata": {"filename": "20051019_38557_0100_PP.png", "preprocessingFilename": "20051019_38557_0100_PP.png"}
        },
        {
            "id": 4,
            "preprocessing": true,
            "type": "fundus",
            "metadata": {"filename": "20051020_44923_0100_PP.png", "preprocessingFilename": "20051020_44923_0100_PP.png"}
        },
        {
            "id": 5,
            "preprocessing": true,
            "type": "fundus",
            "metadata": {"filename": "20051020_62385_0100_PP.png", "preprocessingFilename": "20051020_62385_0100_PP.png"}
        },
        {
            "id": 6,
            "preprocessing": true,
            "type": "fundus",
            "metadata": {"filename": "20051020_55701_0100_PP.png", "preprocessingFilename": "20051020_55701_0100_PP.png"}
        },
        {
            "id": 7,
            "preprocessing": true,
            "type": "fundus",
            "metadata": {"filename": "20051020_58065_0100_PP.png", "preprocessingFilename": "20051020_58065_0100_PP.png"}
        },
        {
            "id": 8,
            "preprocessing": true,
            "type": "fundus",
            "metadata": {"filename": "20051020_62461_0100_PP.png", "preprocessingFilename": "20051020_62461_0100_PP.png"}
        },
        {
            "id": 9,
            "preprocessing": true,
            "type": "fundus",
            "metadata": {"filename": "20051020_58276_0100_PP.png", "preprocessingFilename": "20051020_58276_0100_PP.png"}
        },
        {
            "id": 10,
            "preprocessing": true,
            "type": "fundus",
            "metadata": {"filename": "20051020_55346_0100_PP.png", "preprocessingFilename": "20051020_55346_0100_PP.png"}
        }
    ]
}
